[{
  "_id": {
    "$oid": "65c4988bfa6b8c8f4e470ad5"
  },
  "eventName": "github workshop",
  "eventDate": {
    "$date": "2024-02-06T00:00:00.000Z"
  },
  "endDate": {
    "$date": "2024-02-06T17:00:00.000Z"
  },
  "presentor": "Prentice Williams",
  "startDate": {
    "$date": "2024-02-06T18:00:00.000Z"
  },
  "credits": 1,
  "cancellationStatus": false,
  "creditExpiration": {
    "$date": "2024-05-05T00:00:00.000Z"
  }
},
{
  "_id": {
    "$oid": "65cdb6a34a8e7ab34f7d1568"
  },
  "eventName": "carreer talk",
  "endDate": {
    "$date": "2024-02-15T12:00:00.000Z"
  },
  "presentor": "Dr. Marwan Rasamny",
  "startDate": {
    "$date": "2024-02-15T11:00:00.000Z"
  },
  "credits": 1,
  "cancellationStatus": false,
  "creditExpiration": {
    "$date": "2024-05-15T00:00:00.000Z"
  }
},
{
  "_id": {
    "$oid": "65cdd11d32143fef351e3374"
  },
  "eventName": "PEMACS Day",
  "endDate": {
    "$date": "2024-04-29T00:15:00.000Z"
  },
  "presentor": "Dr. Marwan Rasamny",
  "startDate": {
    "$date": "2024-04-28T08:00:00.000Z"
  },
  "credits": 3,
  "cancellationStatus": false,
  "creditExpiration": {
    "$date": "2024-05-05T00:00:00.000Z"
  }
},
{
  "_id": {
    "$oid": "65cdd5c532143fef351e337f"
  },
  "eventName": "Interview Prep",
  "endDate": {
    "$date": "2024-03-14T18:30:00.000Z"
  },
  "presentor": "Dr. Marwan Rasamny",
  "startDate": {
    "$date": "2024-03-14T17:00:00.000Z"
  },
  "credits": 1,
  "cancellationStatus": false,
  "creditExpiration": {
    "$date": "2024-05-15T00:00:00.000Z"
  }
},
{
  "_id": {
    "$oid": "65e0341ac3bc626d5e10b886"
  },
  "eventName": "Linux Workshop",
  "endDate": {
    "$date": "2024-04-24T18:00:00.000Z"
  },
  "presentor": "Leon Hunter",
  "startDate": {
    "$date": "2024-04-24T17:00:00.000Z"
  },
  "credits": 2,
  "cancellationStatus": false,
  "creditExpiration": {
    "$date": "2024-05-15T00:00:00.000Z"
  }
},
{
  "_id": {
    "$oid": "65e03a9bc3bc626d5e10b88c"
  },
  "eventName": "SQL Workshop",
  "endDate": {
    "$date": "2024-04-14T18:00:00.000Z"
  },
  "presentor": "Tomasz Smolinski",
  "startDate": {
    "$date": "2024-04-14T17:00:00.000Z"
  },
  "credits": 1,
  "cancellationStatus": false,
  "creditExpiration": {
    "$date": "2024-05-15T00:00:00.000Z"
  }
},
{
  "_id": {
    "$oid": "65e03ae6c3bc626d5e10b890"
  },
  "eventName": "Resume Workshop",
  "endDate": {
    "$date": "2024-01-18T18:00:00.000Z"
  },
  "presentor": "Prentice Williams",
  "startDate": {
    "$date": "2024-01-18T17:00:00.000Z"
  },
  "credits": 1,
  "cancellationStatus": false,
  "creditExpiration": {
    "$date": "2024-05-15T00:00:00.000Z"
  }
}]