[{
  "_id": {
    "$oid": "65cdfdd032143fef351e33aa"
  },
  "studentId": {
    "$oid": "65c4964afa6b8c8f4e470acf"
  },
  "eventId": {
    "$oid": "65c4988bfa6b8c8f4e470ad5"
  },
  "checkInTime": {
    "$date": "2024-02-06T16:17:00.000Z"
  },
  "nonceId": null
},
{
  "_id": {
    "$oid": "65e0781fc3bc626d5e10b8ab"
  },
  "studentId": {
    "$oid": "65c496bdfa6b8c8f4e470ad1"
  },
  "eventId": {
    "$oid": "65c4988bfa6b8c8f4e470ad5"
  },
  "checkInTime": {
    "$date": "2024-02-06T16:17:00.300Z"
  },
  "nonceId": null
},
{
  "_id": {
    "$oid": "65e0783ac3bc626d5e10b8ac"
  },
  "studentId": {
    "$oid": "65cdd66d32143fef351e3382"
  },
  "eventId": {
    "$oid": "65c4988bfa6b8c8f4e470ad5"
  },
  "checkInTime": {
    "$date": "2024-02-06T16:17:00.255Z"
  },
  "nonceId": null
},
{
  "_id": {
    "$oid": "65e07859c3bc626d5e10b8ad"
  },
  "studentId": {
    "$oid": "65cdeb8632143fef351e338f"
  },
  "eventId": {
    "$oid": "65c4988bfa6b8c8f4e470ad5"
  },
  "checkInTime": {
    "$date": "2024-02-06T16:17:00.675Z"
  },
  "nonceId": null
},
{
  "_id": {
    "$oid": "65e0787ac3bc626d5e10b8ae"
  },
  "studentId": {
    "$oid": "65cdec1732143fef351e3390"
  },
  "eventId": {
    "$oid": "65c4988bfa6b8c8f4e470ad5"
  },
  "checkInTime": {
    "$date": "2024-02-06T16:17:01.341Z"
  },
  "nonceId": null
},
{
  "_id": {
    "$oid": "65e078edc3bc626d5e10b8b1"
  },
  "studentId": {
    "$oid": "65c4964afa6b8c8f4e470acf"
  },
  "eventId": {
    "$oid": "65cdb6a34a8e7ab34f7d1568"
  },
  "checkInTime": {
    "$date": "2024-02-15T11:00:01.341Z"
  },
  "nonceId": null
},
{
  "_id": {
    "$oid": "65e079c1c3bc626d5e10b8b3"
  },
  "studentId": {
    "$oid": "65c496bdfa6b8c8f4e470ad1"
  },
  "eventId": {
    "$oid": "65cdb6a34a8e7ab34f7d1568"
  },
  "checkInTime": {
    "$date": "2024-02-15T11:02:00.022Z"
  },
  "nonceId": null
},
{
  "_id": {
    "$oid": "65e079d7c3bc626d5e10b8b4"
  },
  "studentId": {
    "$oid": "65e030e0c3bc626d5e10b871"
  },
  "eventId": {
    "$oid": "65cdb6a34a8e7ab34f7d1568"
  },
  "checkInTime": {
    "$date": "2024-02-15T11:00:00.562Z"
  },
  "nonceId": null
}]