[{
  "_id": {
    "$oid": "65cdd27032143fef351e3377"
  },
  "fName": "Marwan",
  "lName": "Rasamny",
  "email": "mrasamny@desu.edu"
},
{
  "_id": {
    "$oid": "65cdd31032143fef351e3378"
  },
  "fName": "Prentice",
  "lName": "Williams",
  "email": "pwilliams@desu.edu"
},
{
  "_id": {
    "$oid": "65cdd34832143fef351e3379"
  },
  "fName": "Matthew",
  "lName": "Tanzy",
  "email": "mtanzy@desu.edu"
},
{
  "_id": {
    "$oid": "65cdd37232143fef351e337b"
  },
  "fName": "Rozena",
  "lName": "Hawkins",
  "email": "rhawkins@desu.edu"
},
{
  "_id": {
    "$oid": "65e0397ac3bc626d5e10b888"
  },
  "fName": "Leon",
  "lName": "Hunter",
  "email": "lhunter@desu.edu"
},
{
  "_id": {
    "$oid": "65e0399ec3bc626d5e10b889"
  },
  "fName": "Shilpa",
  "lName": "Patel",
  "email": "spatel@desu.edu"
},
{
  "_id": {
    "$oid": "65e039d2c3bc626d5e10b88a"
  },
  "fName": "Fatima",
  "lName": "Boukari",
  "email": "fboukari@desu.edu"
},
{
  "_id": {
    "$oid": "65e03ab3c3bc626d5e10b88e"
  },
  "fName": "Tomasz",
  "lName": "Smolinski",
  "email": "tsmolinski@desu.edu"
}]